source,shop_slug,shop_name,type,coupon_code,title,description,cta_url,starts_at,expires_at
gmail_structured,allegro,Allegro,coupon_code,DOCTYPE,Itt van már a téli vásár!,Kuponod is csak erre vár! ‌ ‌ ‌ ‌ ‌ ‌ ‌ ‌ ‌ ‌ ‌ ‌ ‌ ‌ ‌ ‌ ‌ ‌ ‌ ‌ ‌ ‌ ‌ ‌ ‌ ‌ ‌ ‌ ‌ ‌ ‌ ‌ ‌ ‌ ‌ ‌ ‌ ‌ ‌ ‌ ‌ ‌ ‌ ‌ ‌ ‌ ‌ ‌ ‌ ‌ ‌ ‌ ‌ ‌ ‌ ‌ ‌ ‌ ‌ ‌ ‌ ‌ ‌ ‌ ‌ ‌ ‌ ‌ ‌ ‌ ‌ ‌ ‌ ‌ ‌ ‌ ‌ ‌ ‌ ‌ ‌ ‌ ‌ ‌ ‌ ‌ ‌ ‌,http://www.w3.org/TR/1999/REC-html401-19991224/loose.dtd,2025-12-12T09:42:41.000Z,
gmail_structured,unknown,unknown,coupon_code,BASIC,🎁Nagy karácsonyi játékvásár!🎁,Vasárnapig Glamour-napok: Minden Brendon baba- és kismamaruha -20% ‌ ‌ ‌ ‌ ‌ ‌ ‌ ‌ ‌ ‌ ‌ ‌ ‌ ‌ ‌ ‌ ‌ ‌ ‌ ‌ ‌ ‌ ‌ ‌ ‌ ‌ ‌ ‌ ‌ ‌ ‌ ‌ ‌ ‌ ‌ ‌ ‌ ‌ ‌ ‌ ‌ ‌ ‌ ‌ ‌ ‌ ‌ ‌ ‌ ‌ ‌ ‌ ‌ ‌ ‌ ‌ ‌ ‌ ‌ ‌ ‌ ‌ ‌ ‌ ‌ ‌ ‌,http://www.w3.org/1999/xhtml,2025-12-12T09:32:22.000Z,
gmail_structured,unknown,unknown,coupon_code,I8K8X,Még nincs meg minden ajándék? Akkor jól fog jönni a -13% kedvezmény mindenre!,Közeleg a karácsony: spóroljon akár 13%-ot bármin! ͏ ͏ ͏ ͏ ͏ ͏ ͏ ͏ ͏ ͏ ͏ ͏ ͏ ͏ ͏ ͏ ͏ ͏ ͏ ͏ ͏ ͏ ͏ ͏ ͏ ͏ ͏ ͏ ͏ ͏ ͏ ͏ ͏ ͏ ͏ ͏ ͏ ͏ ͏ ͏ ͏ ͏ ͏ ͏ ͏ ͏ ͏ ͏ ͏ ͏ ͏ ͏ ͏ ͏ ͏ ͏ ͏ ͏ ͏ ͏ ͏ ͏ ͏ ͏ ͏ ͏ ͏ ͏ ͏ ͏ ͏ ͏ ͏ ͏ ͏,https://cdn.exponea.com/klarstein-sk/e/.eJwTUmB7ts5a5X04m3Tyqw0nctI8K8Xj_P8mMjYJ8Zg8OZB5MVJKJKOkpKDYSl8_OyexqLgkNTNPL6PUsGWv_dpvfrccrXi5mEqLhdhTKwry81ITrRSA3GQhKe9gXWdXV10_H10jAyNTQyNDI11nj2AjU11HK26gilwh1tTcxMycqAx9_aT8lEr9ksSknFT9Egi7SL8kBSISbRiLKYhfWbRRLJLKIrBUin5iko-BmWWyoYWRaaqJsYmFkbFlTVFqeibQP0WpKVZJpVkp-cX5eolFefk5KQ5QbmZRfkqiXnJ-bk2SmbGhobmJsVGiQaJhorl5Fk-8oru81MnF7t0pG782MDEDAEWrb8c.oA7yTYNUwIQBAw/click],2025-12-12T09:04:53.000Z,
gmail_structured,unknown,unknown,coupon_code,ONLINE,🎁Bontsa ki a 4 000 Ft vagy 1 000 Ft kedvezményt a teljes vásárlásra.,"&quot; Válassza ki kedvezményét, és kezdjen el vásárolni még ma! &quot; ONLINE VERZIÓ Logo Alensa Alensa - repeater CZ Kontaktlencsék Ápolószerek Napszemüvegek Szemüvegek és keretek 4000 Ft kedvezmény",https://tracking.alensa.hu/f/a/cNKODZiA4PjrK8BwQfd9UA~~/AAA-fBA~/lXIydbZarYhAebdEJwdB4VT74Jktra3mtV7-Eb9Q3x9HP0dap66OdViYubFnga3c0Qba-PxHQDafMZ7ebgGGJTLNOnDbX0FG1wk0Kt2eXhR8QTRuUXtjR7F2tjRRZFWjx7hyHlE5McayL-IMZTPwRMeUdOttRSwdQCHG4IaabUv29izjafzX8EreZjkr3m5yBQYi-Uaaa-kmKrh6ZpyofYn3BaiR_Mzt2Xn1ybEaqsh-que6Xwgc68IOraVBpadi1kvjsgBF2RNkFaxmr0wkXs72qVQHl56j5ivdE95phCnFQjnB1oar_iFK2wYrKXsxCETJoMg_Con-IspP33l5uSGHCmUkv46dmYjF7ZZuO_Y~],2025-12-12T08:10:11.000Z,
gmail_structured,unknown,unknown,coupon_code,JQUFF,10% kedvezmény ajándékutalványokra 🎁,Az akció csak vasárnapig érvényes ͏ ͏ ͏ ͏ ͏ ͏ ͏ ͏ ͏ ͏ ͏ ͏ ͏ ͏ ͏ ͏ ͏ ͏ ͏ ͏ ͏ ͏ ͏ ͏ ͏ ͏ ͏ ͏ ͏ ͏ ͏ ͏ ͏ ͏ ͏ ͏ ͏ ͏ ͏ ͏ ͏ ͏ ͏ ͏ ͏ ͏ ͏ ͏ ͏ ͏ ͏ ͏ ͏ ͏ ͏ ͏ ͏ ͏ ͏ ͏ ͏ ͏ ͏ ͏ ͏ ͏ ͏ ͏ ͏ ͏ ͏ ͏ ͏ ͏ ͏ ͏ ͏ ͏ ͏ ͏ ͏ ͏ ͏ ͏,https://eu2-cdn.eng.bloomreach.com/travelking/e/.eJwTUpCpnPlVRkXn9nNtZv27z6Yv91c-k_hbzeKjx-LttSx224Kk5jFmlJQUFFvp66eWGukmp-Tppeal6yXl5OfnFqUmJmfoJefn6pcUJZal5mRn5qXrp-o7p1cU-IZn5psZFRYbOacWhxSEBns6VZjmpoUmezlXJZlWFrv4WBrn5pilBHhaVGToVkaaWIRmZpUYG7gGFEUF-0Z6-7oU-5SElBQ4JQPN8jdP9oyI8PCJSinxivRJ18vXdQs1jMwNdAm0DPJ01GLKKDVs6uE79NbvlqOVABdTabEQV15qeXFOaklJapGVClAkWUguQNfd0y1EN8w_1NnDNUjXxTPY2T_UL0TXyNTQyNDIihuoKleINTU3MTPHSoiLo7QkNx6oO1eIDaIgKlRfPyk_pVK_JDEpJ1W_BMIu0i9JgYhEG8ZiCmITAbNTMsv0C_RL9ROTfJKM09KMTFLNDY3MDNKSDS1qilLTM4uBVqemWCWVZqXkF-frJRbl5eekOEC5mUX5KYmgUK9JTU4xNLFITbEwNTBPNbewyOJJV57-yTDt7WqpRXq-DUzMACMno9s.FSNEP_MLHvEyYQ/click],2025-12-12T06:32:40.000Z,
gmail_structured,regiojatek,REGIO Jatek,coupon_code,DOCTYPE,Itt a karácsonyi 15%-os kuponod!,Szerezd be akciós játékainkat még ma! ‌ ‌ ‌ ‌ ‌ ‌ ‌ ‌ ‌ ‌ ‌ ‌ ‌ ‌ ‌ ‌ ‌ ‌ ‌ ‌ ‌ ‌ ‌ ‌ ‌ ‌ ‌ ‌ ‌ ‌ ‌ ‌ ‌ ‌ ‌ ‌ ‌ ‌ ‌ ‌ ‌ ‌ ‌ ‌ ‌ ‌ ‌ ‌ ‌ ‌ ‌ ‌ ‌ ‌ ‌ ‌ ‌ ‌ ‌ ‌ ‌ ‌ ‌ ‌ ‌ ‌ ‌ ‌ ‌ ‌ ‌ ‌ ‌ ‌ ‌ ‌ ‌ ‌ ‌ ‌ ‌ ‌,http://www.w3.org/1999/xhtml,2025-12-12T05:06:54.000Z,
gmail_structured,regiojatek,REGIO Jatek,coupon_code,LSZOLG,Tegyen egészségéért és gyűjtsön 5× SuperShop pontot! 💊,"Ne maradjon le a SuperShop legjobb ajánlatairól! &gt;&gt; Ha a hírlevél nem jelenik meg megfelelően, kattintson ide! ÜGYFÉLSZOLGÁLAT PÓTKÁRTYA IGÉNYLÉS TÁRSKÁRTYA IGÉNYLÉS PARTNEREINK Keresse legújabb,",https://view.automizy.com/5/8Csm0LPUszHIKa7k-LD8ewjFqsEFe2qNUXJ-NM4l5fcM-CLJx05sPnx-OLSSj9T3gSu6OPm10nsHsV4H,2025-12-11T17:50:03.000Z,
gmail_structured,unknown,unknown,coupon_code,6I97HPOV,Az Eyerim adventi kalendáriumának 11. napja: 30% kedvezmény dioptriás szemüvegekre!,"Használd a SEE30 kódot, és szerezz kedvezményt minden keretre + lencsére! ͏ ͏ ͏ ͏ ͏ ͏ ͏ ͏ ͏ ͏ ͏ ͏ ͏ ͏ ͏ ͏ ͏ ͏ ͏ ͏ ͏ ͏ ͏ ͏ ͏ ͏ ͏ ͏ ͏ ͏ ͏ ͏ ͏ ͏ ͏ ͏ ͏ ͏ ͏ ͏ ͏ ͏ ͏ ͏ ͏ ͏ ͏ ͏ ͏ ͏ ͏ ͏ ͏ ͏ ͏ ͏ ͏ ͏ ͏ ͏ ͏ ͏ ͏ ͏",https://cdn.exponea.com/eyerim-global/e/.eJwTUrhncEOlqI71_bypkf9lJwguXCm7fONOm6I97HPOVavmnXolJZZRUlJQbKWvX15erpdamVqUmauXUaqvxZRRahi9pSB1g98tRyteLqbSYiH21IqC_LzURCtuIDdXiDU1NzEzx0oCyEkWEjI0dHF1jndMKUvNK4kPdnU1NrDi5GIuTc4XApoU5a2vn5SfUqlfkpiUkxptGKtfAuEW6ZekQAQxRaKNkJVlgHSlZJbpJyb5WJqbpZqkGpkZGJklJ6eZmtQUpaZnFpekFqWmWCWVZqXkF-frJRbl5eekOEC5mUX5KYl6yfm5NamJFsYG5inmZqYp5iZJ5iZZPImeM5NcA-bs3sUdsa6BiRkARW5rnA.WgYYTPmNdzz5kQ/click],2025-12-11T13:05:25.000Z,
gmail_structured,fizz,FIZZ,coupon_code,61700,Indulhat az építés! LEGO készletek karácsonyra 🎨,Lego rajongóknak kötelező Nem jelenik meg a levél? Kattints ide! karacsony A kupon 2025. 12. 09. 12:00 és 2025. 12. 18. 11:59 között érvényes. A promóció érvényesítéséhez használd a kuponkódot! lego,https://view.mail.fizz.hu/?qs=f403acc637bc7cdf61700d46ff4f1cf28817698b7d60b57c10706835603638809e72a97eaea2985f4a5804955df09c764486c94c90df129f4c3ee9ba06ba706be8cbb3aea4b36fb88bc7bb6b600fe791,2025-12-11T11:04:40.000Z,
gmail_structured,unknown,unknown,coupon_code,TJ2025,Kérjük értékelje a megvásárolt termékét ajándék kuponkódért,"Kedves Arnold! Köszönjük, hogy a TopJuicers által forgalmazott kiemelt minőségű konyhai készülék mellett döntött. Ügyfeleink véleménye fontos számunkra, hiszen így növelhetjük elégedettségüket! Kérjük,",http://www.w3.org/1999/xhtml,2025-12-11T10:15:38.000Z,
gmail_structured,dockyard,Dockyard,coupon_code,02224914,⛷️ Hóra fel: sí akció minden termékre,15% kedvezmény hétfőig ‌ ‌ ‌ ‌ ‌ ‌ ‌ ‌ ‌ ‌ ‌ ‌ ‌ ‌ ‌ ‌ ‌ ‌ ‌ ‌ ‌ ‌ ‌ ‌ ‌ ‌ ‌ ‌ ‌ ‌ ‌ ‌ ‌ ‌ ‌ ‌ ‌ ‌ ‌ ‌ ‌ ‌ ‌ ‌ ‌ ‌ ‌ ‌ ‌ ‌ ‌ ‌ ‌ ‌ ‌ ‌ ‌ ‌ ‌ ‌ ‌ ‌ ‌ ‌ ‌ ‌ ‌ ‌ ‌ ‌ ‌ ‌ ‌ ‌ ‌ ‌ ‌ ‌ ‌ ‌ ‌ ‌ ‌ ‌ ‌ ‌ ‌ ‌ ‌,https://dockyard.acemlnb.com/p_v.php?l=2&c=5433&m=5116&s=fad02224914b60b5790379a34960abff,2025-12-11T08:36:50.000Z,
gmail_structured,unknown,unknown,coupon_code,GLAMOUR,💗Indul a GLAMOUR-napok áruházainkban és webáruházunkban,20% kedvezmény minden Brendon márkájú baba- és kismamaruhára ‌ ‌ ‌ ‌ ‌ ‌ ‌ ‌ ‌ ‌ ‌ ‌ ‌ ‌ ‌ ‌ ‌ ‌ ‌ ‌ ‌ ‌ ‌ ‌ ‌ ‌ ‌ ‌ ‌ ‌ ‌ ‌ ‌ ‌ ‌ ‌ ‌ ‌ ‌ ‌ ‌ ‌ ‌ ‌ ‌ ‌ ‌ ‌ ‌ ‌ ‌ ‌ ‌ ‌ ‌ ‌ ‌ ‌ ‌ ‌ ‌ ‌ ‌ ‌ ‌ ‌ ‌ ‌ ‌ ‌,http://www.w3.org/1999/xhtml,2025-12-11T08:02:47.000Z,
gmail_structured,drlumbar,Dr. Lumbar,coupon_code,PROACTIVE,"🌿Ha estére minden izom merev és feszül, segíthet a természetes támogatás",Proactive Herbal+ gyógynövénykrém | 30% kedvezmény dec 14-ig → ͏ ͏ ͏ ͏ ͏ ͏ ͏ ͏ ͏ ͏ ͏ ͏ ͏ ͏ ͏ ͏ ͏ ͏ ͏ ͏ ͏ ͏ ͏ ͏ ͏ ͏ ͏ ͏ ͏ ͏ ͏ ͏ ͏ ͏ ͏ ͏ ͏ ͏ ͏ ͏ ͏ ͏ ͏ ͏ ͏ ͏ ͏ ͏ ͏ ͏ ͏ ͏ ͏ ͏ ͏ ͏ ͏ ͏ ͏ ͏ ͏ ͏ ͏ ͏ ͏ ͏ ͏ ͏ ͏,https://www.drlumbar.hu/collections/all-1),2025-12-11T07:01:49.000Z,
gmail_structured,mvm-dome,MVM Dome,coupon_code,DOCTYPE,1+1 Big Time Rush VIP jegy akció!🔥,͏‌ ‌͏‌ ‌͏‌ ‌͏‌ ‌͏‌ ‌͏‌ ‌͏‌ ‌͏‌ ‌͏‌ ‌͏‌ ‌͏‌ ‌͏‌ ‌͏‌ ‌͏‌ ‌͏‌ ‌͏‌ ‌͏‌ ‌͏‌ ‌͏‌ ‌͏‌ ‌͏‌ ‌͏‌ ‌͏‌ ‌͏‌ ‌͏‌ ‌͏‌ ‌͏‌ ‌͏‌ ‌͏‌ ‌͏‌ ‌͏‌ ‌͏‌ ‌͏‌ ‌͏‌ ‌͏‌ ‌͏‌ ‌͏‌ ‌͏‌ ‌͏‌ ‌͏‌ ‌͏‌ ‌͏‌ ‌͏‌ ‌͏‌ ‌͏‌ ‌͏‌ ‌͏‌ ‌͏‌ ‌͏‌ ‌͏‌,https://www.w3.org/1999/xhtml,2025-12-10T18:06:30.000Z,
gmail_structured,fizz,FIZZ,coupon_code,318263,Csak egy kattintásra a tökéletes ajándékod!,Készülj a karácsonyra kedvezményekkel. Nem jelenik meg a levél? Kattints ide! karacsony airpods Apple AirPods Pro 3. Generációs USB-C MagSafe Tokkal Forgalmazó: Bestbyte 3.000 Ft kedvezmény a FK3BHF50,https://view.mail.fizz.hu/?qs=01a770e0d53bbe8b737cfc8d81b57aa7f68c0301fd5a45aacef7e0e85bf0f7d5d318263facf45357be2199d8edb76157062ad9929d71044a480d30165f1972efcc55ce9eebaebeb505089bb4fe71d4fd,2025-12-10T14:02:51.000Z,
gmail_structured,unknown,unknown,coupon_code,JQXFV,🎄 Fedezd fel az Eyerim adventi naptárának mai meglepetését!,"-50% minden lencsefejlesztésre, csak ma ͏ ͏ ͏ ͏ ͏ ͏ ͏ ͏ ͏ ͏ ͏ ͏ ͏ ͏ ͏ ͏ ͏ ͏ ͏ ͏ ͏ ͏ ͏ ͏ ͏ ͏ ͏ ͏ ͏ ͏ ͏ ͏ ͏ ͏ ͏ ͏ ͏ ͏ ͏ ͏ ͏ ͏ ͏ ͏ ͏ ͏ ͏ ͏ ͏ ͏ ͏ ͏ ͏ ͏ ͏ ͏ ͏ ͏ ͏ ͏ ͏ ͏ ͏ ͏ ͏ ͏ ͏ ͏ ͏ ͏ ͏ ͏ ͏ ͏ ͏ ͏ ͏ ͏ ͏ ͏ ͏",https://cdn.exponea.com/eyerim-global/e/.eJwTUuB8xTnJT9f5qiErq_v5xD1mn2dO_XPyiAdzmUOxu43trl1SYhklJQXFVvr65eXleqmVqUWZuXoZpfpaTBmlhj8Kw5fF-N1ytOLlYiotFmJPrSjIz0tNtOIGcnOFWFNzEzNzrCSBnGQhYUMDF1fneMeUstS8kngfV79gUwMrTi7m0uR8IaBRUd76-kn5KZX6JYlJOanRhrH6JRBukX5JCkQQUyTaCFlZBkhXSmaZfmKSj5lZcnKKqZGhibmhhbmxRWpNUWp6ZnFJalFqilVSaVZKfnG-XmJRXn5OigOUm1mUn5Kol5yfW2OakpZqZpCalGhikppmmJaUxZPoOTPJNWDO7l3cEesamJgBWhFqoQ.dqsKmMfu-NuJug/click],2025-12-10T13:16:09.000Z,
gmail_structured,griffconnect,Griffconnect,coupon_code,FONTOS,VILÁGMÁRKÁK BESZERZÉSI ÁRON...,VÉGKIÁRUSÍTÁS...‌ ‌ ‌ ‌ ‌ ‌ ‌ ‌ ‌ ‌ ‌ ‌ ‌ ‌ ‌ ‌ ‌ ‌ ‌ ‌ ‌ ‌ ‌ ‌ ‌ ‌ ‌ ‌ ‌ ‌ ‌ ‌ ‌ ‌ ‌ ‌ ‌ ‌ ‌ ‌ ‌ ‌ ‌ ‌ ‌ ‌ ‌ ‌ ‌ ‌ ‌ ‌ ‌ ‌ ‌ ‌ ‌ ‌ ‌ ‌ ‌ ‌ ‌ ‌ ‌ ‌ ‌ ‌ ‌ ‌ ‌ ‌ ‌ ‌ ‌ ‌ ‌ ‌ ‌ ‌ ‌ ‌ ‌ ‌ ‌ ‌ ‌ ‌ ‌ ‌ ‌ ‌ ‌,http://r.griffconnect.com/mk/mr/sh/7nVTPdZCTJDXPITnuJbB9H0WYTqIJxC/5F66bU3mBw-_),2025-12-10T11:31:40.000Z,
gmail_structured,unknown,unknown,coupon_code,4801314,🤩Ezek a kedvenc stílusaink a bevásárló napokról   ,A lágy tónusoktól az ipari stílusig feny24.hu Human score Trustpilot Stars number of reviews Trustpilot Logo Online Verzió Belső lámpák Kültéri lámpák Leárazás % image Az Ön kódja**: VASARLAS Lágy,https://news.feny24.hu/u/nrd.php?p=KmANwUtgmX_5555_4801314_1_2&ems_l=5613938&i=1&d=MzExNTY1MTQw%7CS21BTndVdGdtWA%3D%3D%7COTA0N2VlZTEzNTAzNzA2NzQ3NDdlYTAyOTJjNjkzNmE%3D%7CMjAyNTEyMTBfc2FsZV9zdHlsX25sX3Byb2Rpc2Nfd21vdl9odQ%3D%3D%7Cbmwtc2FsZQ%3D%3D%7CTG9nbw%3D%3D%7C&_esuh=_11_a67b618b283a5eb2986ce1db568fbbbea6fe99a7072f2ea97a4ce2da4e4590ba,2025-12-10T09:01:39.000Z,
gmail_structured,fizz,FIZZ,coupon_code,809179529,Ne várd meg az első havat: most könnyebb téli gumira váltani,"Téli autófelszerelések a Fizztől Nem jelenik meg a levél? Kattints ide! teligumi Kedves Arnold! Megérkezett a tél és ez nemcsak a hangulatot és az öltözködést változtatja meg, hanem a vezetést is.",https://view.mail.fizz.hu/?qs=df16e1666d774acd9e770eadfeb158dbae46b7847edbff46ee949281022489be668cf410e21debe1a2c32ea60ba4207afb809179529c849c92cbef33e5ea054df05f2901b288c1a3d261063efd6aec50,2025-12-09T18:04:28.000Z,
gmail_structured,allegro,Allegro,coupon_code,DOCTYPE,Második adventi hét 🕯️🕯️,Újabb kupon a tiéd ‌ ‌ ‌ ‌ ‌ ‌ ‌ ‌ ‌ ‌ ‌ ‌ ‌ ‌ ‌ ‌ ‌ ‌ ‌ ‌ ‌ ‌ ‌ ‌ ‌ ‌ ‌ ‌ ‌ ‌ ‌ ‌ ‌ ‌ ‌ ‌ ‌ ‌ ‌ ‌ ‌ ‌ ‌ ‌ ‌ ‌ ‌ ‌ ‌ ‌ ‌ ‌ ‌ ‌ ‌ ‌ ‌ ‌ ‌ ‌ ‌ ‌ ‌ ‌ ‌ ‌ ‌ ‌ ‌ ‌ ‌ ‌ ‌ ‌ ‌ ‌ ‌ ‌ ‌ ‌ ‌ ‌ ‌ ‌ ‌ ‌ ‌ ‌ ‌ ‌ ‌,http://www.w3.org/TR/1999/REC-html401-19991224/loose.dtd,2025-12-09T14:23:00.000Z,
gmail_structured,fizz,FIZZ,coupon_code,176868474,"Karácsonyi ajánlatok, rugalmas fizetési lehetőséggel.",Ajándékozz okosan – fizess később! Nem jelenik meg a levél? Kattints ide! karacsony hangszoro Aiwa KBTUS-450 LIGHTNING Hordozható Party Hangszóró Hyperbass és Karaoke Funkcióval Forgalmazó: Bestbyte,https://view.mail.fizz.hu/?qs=269aceb7c49f83eaaf4fb696b8bc7c944b6bb4a73e8fb46cdb28e7ee56dd1125f4598d0c7dd7bee2e5e491d1d841c3e0e3a719eecc176868474b234c4d4085463ba07a85df5cab290f4602867cbb53a7,2025-12-09T13:04:37.000Z,
gmail_structured,unknown,unknown,coupon_code,UWEZJSUG,🎁 Ajándékötletet keresel? Megérkezett a karácsonyi szemüveg kalauz!,A minőségi és stílusos ünnepek az Eyerimnél kezdődnek. ͏ ͏ ͏ ͏ ͏ ͏ ͏ ͏ ͏ ͏ ͏ ͏ ͏ ͏ ͏ ͏ ͏ ͏ ͏ ͏ ͏ ͏ ͏ ͏ ͏ ͏ ͏ ͏ ͏ ͏ ͏ ͏ ͏ ͏ ͏ ͏ ͏ ͏ ͏ ͏ ͏ ͏ ͏ ͏ ͏ ͏ ͏ ͏ ͏ ͏ ͏ ͏ ͏ ͏ ͏ ͏ ͏ ͏ ͏ ͏ ͏ ͏ ͏ ͏ ͏ ͏ ͏ ͏ ͏ ͏ ͏ ͏ ͏,https://cdn.exponea.com/eyerim-global/e/.eJwTUlgovCVAkK9sqbqh6W4ekVuCav9ZjobG6eo-mv9zo1s-Z7uUWEZJSUGxlb5-eXm5XmplalFmrl5Gqb4WU0ap4T4fsw4Wv1uOVrxcTKXFQuypFQX5eamJVtxAbq4Qa2puYmaOlRSQkywkYuni6hzvnplW4l6amZIaHxzqZ2RqxcnFXJqcLwQ0K8pbXz8pP6VSvyQxKSc12jBWvwTCLdIvSYEIYopEGyErywDpSsks009M8jE1MzFNtkg0SbQwSjZNM0mtKUpNzywuSS1KTbFKKs1KyS_O10ssysvPSXGAcjOL8lMS9ZLzc2ssLYwNLNMMUw3Mk1OSLSxNsngSPWcmuQbM2b2LO2JdAxMzAInUaHg.4c8rf7wORpH42A/click],2025-12-09T12:12:16.000Z,
gmail_structured,unknown,unknown,coupon_code,F6VH6,Utolsó esély meglepnie kedvencét az ünnepekre!,Akár 30% kedvezmény karácsonyi vásárunkban! ‌ ‌ ‌ ‌ ‌ ‌ ‌ ‌ ‌ ‌ ‌ ‌ ‌ E-mail megtekintése böngészőben zooplus.hu Állateledel és felszerelés kedvező áron | zooplus.hu Kutya Macska % Akciók Kutya Kutya,https://info.zooplus.hu/38y6l8IeJ76VrJoBGYwh9a/C_uKIR2iKUgsOYqa/gyFZTvwJ7kFmjxuP/lzcMKzetLRD7gxqw/FWLme_qr8s1-nMUu/wYOXIhJgNMV3dI-g/CrQ/WPbl.php?ID=WnE7EzFt)&nbsp;&nbsp;&nbsp;(https://info.zooplus.hu/38y6l8IeJ76VrJoBGYwh9a/C_uKIR2iKUgsOYqa/gyFZTvwJ7kFmjxuP/lzcMKzetLRD7gxqw/FWLme_qr8s1-nMUu/wYOXIhJgNMV3dI-g/CrQ/WPbl.php?ID=WnE7EzFt)(https://info.zooplus.hu/38y6l8IeJ76VrJoBGYwh9a/xx3-F6VH6tvxNIp5/1CEEJMwOHJNjUj6m/BHYsvZ412xteNi67/HdZ2HxM2XCIhvLLD/RWxQFNn3EmnifX8U/whs/WPbl.php?ID=WnE7EzFt),2025-12-09T11:46:17.000Z,
gmail_structured,unknown,unknown,coupon_code,391001748,⚠️ Már csak 2 nap van hátra kedvezménye felhasználására – sikerülni fog?,"Rendelje meg még ma, és spóroljon a vásárlás során. ͏ ͏ ͏ ͏ ͏ ͏ ͏ ͏ ͏ ͏ ͏ ͏ ͏ ͏ ͏ ͏ ͏ ͏ ͏ ͏ ͏ ͏ ͏ ͏ ͏ ͏ ͏ ͏ ͏ ͏ ͏ ͏ ͏ ͏ ͏ ͏ ͏ ͏ ͏ ͏ ͏ ͏ ͏ ͏ ͏ ͏ ͏ ͏ ͏ ͏ ͏ ͏ ͏ ͏ ͏ ͏ ͏ ͏ ͏ ͏ ͏ ͏ ͏ ͏ ͏ ͏ ͏ ͏ ͏ ͏ ͏ ͏ ͏ ͏ ͏",https://www.lhinsights.com/email-html/QsMxsICjRxuuO4c/bd34d391001748f6b04615cf43eeecae?h=xSgfvXK&l=en&t=0&v=1],2025-12-09T11:03:12.000Z,
gmail_structured,unknown,unknown,coupon_code,ACGAM,🎁 A szezon legnépszerűbb ünnepi ajándékai! 🥰,Ünnepeld a szezont – találd meg a tökéletes ajándékot. Online megtekintés shopping cart wishlist Geekbuying Új érkezők Minden kategória Kupon Top márkák Ajánlatok geekbuying banner Ajándékok Férfiaknak,https://static.gkbcdn.com/V1.4/en/promotion/20200810edm/image/carIA.png),2025-12-09T09:57:48.000Z,
gmail_structured,unknown,unknown,coupon_code,044IQ,A -15% kedvezmény kódod még érvényes 🎁,"Köszönjük, hogy velünk vagy. ͏ ‌ ﻿ ͏ ‌ ﻿ ͏ ‌ ﻿ ͏ ‌ ﻿ ͏ ‌ ﻿ ͏ ‌ ﻿ ͏ ‌ ﻿ ͏ ‌ ﻿ ͏ ‌ ﻿ ͏ ‌ ﻿ ͏ ‌ ﻿ ͏ ‌ ﻿ ͏ ‌ ﻿ ͏ ‌ ﻿ ͏ ‌ ﻿ ͏ ‌ ﻿ ͏ ‌ ﻿ ͏ ‌ ﻿ ͏ ‌ ﻿ ͏ ‌ ﻿ ͏ ‌ ﻿ ͏ ‌ ﻿ ͏ ‌ ﻿ ͏ ‌ ﻿ ͏ ‌ ﻿ ͏ ‌ ﻿ ͏ ‌ ﻿ ͏ ‌ ﻿ ͏ ‌",https://clicks.answear.com/f/a/Ff6Zk3ApM5C4ohMWr044IQ~~/AAAHahA~/TLIJ7LVig4R_diQXSZf7c9rN2D6KhRspWENxkIhDuX6W6WGBHJf6vngSBmJQQC0UOMZ3l3NaeyKrwGy_Wt_GMCs-MfnS0Ay6bDCHve2fuXmIS-M43V4JgFip7MHizKyMI9HW1s1IWm3gwWrggHUDUw~~,2025-12-09T08:41:51.000Z,
gmail_structured,unknown,unknown,coupon_code,94855,"‼️ Utolsó lehetőség, a 20% kedvezményre 2 vagy termék vásárlása esetén! 🥰",Utolsó nap a spórolásra! web version Skechers NŐI FÉRFI GYEREK RUHÁZAT OUTLET RÉSZESÜLJ EXKLUZÍV KEDVEZMÉNYEKBEN VIP TAGKÉNT ​ Csatlakozz most MÉG TÖBB SKECHERS: NŐI FÉRFI GYEREK RUHÁZAT ÚJDONSÁGOK,https://view.emails.hu.skechers.com/?qs=bca4f8e6d38b03dabaa46cdc141fb27e1fa5fc551bc42c7663b95ff35d640a1dde12a4c4af28d94855a511a37f12370148ce06a09e3e688a02b1249dd845afead34bb6c6e38b9bb2141fd3717d5d2104,2025-12-09T08:01:36.000Z,
gmail_structured,drlumbar,Dr. Lumbar,coupon_code,SZAKBAN,🎄 Télen csökken a kollagéntermelés – mit tehetünk ellene?,28 napos ízülettámogató kúra | 30% kedvezmény minden termékre dec 14-ig → ͏ ͏ ͏ ͏ ͏ ͏ ͏ ͏ ͏ ͏ ͏ ͏ ͏ ͏ ͏ ͏ ͏ ͏ ͏ ͏ ͏ ͏ ͏ ͏ ͏ ͏ ͏ ͏ ͏ ͏ ͏ ͏ ͏ ͏ ͏ ͏ ͏ ͏ ͏ ͏ ͏ ͏ ͏ ͏ ͏ ͏ ͏ ͏ ͏ ͏ ͏ ͏ ͏ ͏ ͏ ͏ ͏ ͏ ͏ ͏ ͏ ͏ ͏ ͏,https://www.drlumbar.hu/collections/all-1),2025-12-09T05:02:13.000Z,
gmail_structured,fizz,FIZZ,coupon_code,935048300,Extra Apple kuponok a fizz.hu-n!,Csapj le akár 10.000 Ft kuponra az iCentre ajánlatában. Nem jelenik meg a levél? Kattints ide! ipad ipad Apple 11&quot; iPad Air Tablet (M3) Wi-Fi 256 GB - Space Grey Forgalmazó: iCentre 10.000 Ft,https://view.mail.fizz.hu/?qs=d935048300d058ec59560dbb08b37ee5ec29ea824bcb6497d882e0a6e6b94988e895516b6b21b6a68054ce10cde81502ee85d21b175530545e2295805dcc2ef9e5d2343a7fb2b9cec18b3144dca0e08c,2025-12-08T17:03:24.000Z,
gmail_structured,lampak,Lampak,coupon_code,AUAKC,⌛ A kedvezménykódod néhány órán belül lejár. Kiválasztottad már?,Extra 25% kedvezmény. ‌ ‌ ‌ ‌ ‌ ‌ ‌ ‌ ‌ ‌ ‌ ‌ ‌ ‌ ‌ ‌ ‌ ‌ ‌ ‌ ‌ ‌ ‌ ‌ ‌ ‌ ‌ ‌ ‌ ‌ ‌ ‌ ‌ ‌ ‌ ‌ ‌ ‌ ‌ ‌ ‌ ‌ ‌ ‌ ‌ ‌ ‌ ‌ ‌ ‌ ‌ ‌ ‌ ‌ ‌ ‌ ‌ ‌ ‌ ‌ ‌ ‌ ‌ ‌ ‌ ‌ ‌ ‌ ‌ ‌ ‌ ‌ ‌ ‌ ‌ ‌ ‌ ‌ ‌ ‌ ‌ ‌ ‌ ‌ ‌ ‌ ‌ ‌ ‌ ‌,https://t.akcio.lampak.hu/PfNybAUAKCoSY2xzcAFkaWRfdCDvtQFlaWRfdWwg_J0GY2FpZGQxMTk1YWV6dGl0a2Fyc2FnQGJ1amRvc29pcm9kYS5jb21jbF9jZmh1LnBuZ2F1dmh0dHBzOi8vd3d3LmxhbXBhay5odS9maWRfbXNnIO2sDGNjaWRkODQ5N2JscAFmaWRfc21kazI1NTkyMzI2MTI3ZGNoYW5lZW1haWxiZ2EBY2xvY2VkYXRhMWdpZF9zZW5kIMK4tgNkaWRfZSCLua7dA2J0cyChhNfJBmFhZWNsaWNr/ODgP3yQhelxj6u4OJYlMrH8BePjJInZItXdgbfLSFjk/click),2025-12-07T18:06:25.000Z,
gmail_structured,lampak,Lampak,coupon_code,AUAKC,⌛ A kedvezménykódod néhány órán belül lejár. Kiválasztottad már?,Extra 25% kedvezmény. ‌ ‌ ‌ ‌ ‌ ‌ ‌ ‌ ‌ ‌ ‌ ‌ ‌ ‌ ‌ ‌ ‌ ‌ ‌ ‌ ‌ ‌ ‌ ‌ ‌ ‌ ‌ ‌ ‌ ‌ ‌ ‌ ‌ ‌ ‌ ‌ ‌ ‌ ‌ ‌ ‌ ‌ ‌ ‌ ‌ ‌ ‌ ‌ ‌ ‌ ‌ ‌ ‌ ‌ ‌ ‌ ‌ ‌ ‌ ‌ ‌ ‌ ‌ ‌ ‌ ‌ ‌ ‌ ‌ ‌ ‌ ‌ ‌ ‌ ‌ ‌ ‌ ‌ ‌ ‌ ‌ ‌ ‌ ‌ ‌ ‌ ‌ ‌ ‌ ‌,https://t.akcio.lampak.hu/PfNybAUAKCoSY2NpZGQ4NDk3YWFlY2xpY2tlaWRfdWwg_J0GZGlkX2Ug5pqN9QRjbHNwAWJscAFmaWRfc21kazI1NTkwNjAyODA1Y2FpZGQxMTk1ZGlkX3Qg77UBZGNoYW5lZW1haWxjbG9jZWRhdGExZmlkX21zZyDtrAxnaWRfc2VuZCDCuLYDY2xfY2ZodS5wbmdhdXZodHRwczovL3d3dy5sYW1wYWsuaHUvYWV_YnVqZG9zby5hcm5vbGRAYnVqZG9zb2lyb2RhLmNvbWJnYQFidHMgmOjWyQY/okS9rTjEsxbjduxtucajMtCK4LaREPJt_xr4UDXSyss/click),2025-12-07T17:06:32.000Z,
gmail_structured,unknown,unknown,coupon_code,ONLINE,Csak hétfőig: 5% kedvezmény minden kontaktlencsére,Kapjon kedvezményt az alábbi kóddal: 12FLASHSALE25 ONLINE VERZIÓ Logo Alensa Alensa - repeater CZ Kontaktlencsék Ápolószerek Napszemüvegek Szemüvegek és keretek Az akció/esemény végéig hátralévő idő:,https://tracking.alensa.hu/f/a/d9d-NvqYbs32zdr5M827eg~~/AAA-fBA~/VIexGYfADOLh8ct6v2l_9Q8Yb4mkYWHmuDf9tuBR9tNDnyu-K0oV71MCMHYH-WrbmcJY_Rl6gw_kvZbsthdx_VXfZpbOJCggMK4KjDiYvjuH22E-k1_ex3ugGfMKfnYTwmnMV62koQ2aXp7JuQOXjzP6S0iRZKAZD2ajxHTgkSPyYCBeKr_04e7yJi7QrgiiM_uGZb6LMLrovHhPRCtMRZ6M_rcdKeWCEr1Z6WD1qrR9yGKVkeTNMnN22-BtOIgk71-WRbFrSb55tdKHQW_mnsVCazfW7uKNeLbmxiPiH4txtVGfetZ8-ZGm6KxZW-Eh2hWVt1YUdtvShI4m8fOq3A~~],2025-12-07T16:08:16.000Z,
gmail_structured,unknown,unknown,coupon_code,ZO8D0, Megérkeztek a havi akciós ajánlatok!,"Fedezze fel ünnepi ajánlatainkat és spóroljon! zooplus Logo Kutya | Macska | Kisállat | % Akciók Kutya | Macska | % Akciók Banner Image Friss akciók és megnyerő árak! Új hónap, új spórolási lehetőségek",https://clicks.zooplus.hu/f/a/ZO8D0jxuJ7V7MGcoYj7NpQ~~/AAAHahA~/yosirefUaWrtAEm4Z0x_5l-CrpH5rMpdSBpSjMMIVgwQ6wcDA5epSgvVdTsicA_iDsxmPCRLDZPqjAdoknP-fFPIT49D1kNH-DmN6hAFuGrySJZ63apuKAfL0St_rNORcQ-b7ueNUke_5ynsjWyRKpezWVvwpyL18Ql3qu7zdCRo3uJCZF9S4hY4hu9qzVpFDIEhouSwkxjAs2Rm-DWD2A8UOfs1EqSzjY9F050EOh2geAgeMrwXXi5TlOI99zlzQPyabIo-Ui0bXPJpxbbp3IEGcMWv3Ioe5wnKSzv4yVZSILV5gTvNS6lTytx1rZ4QMw_cyPZ3TrHybEeenuRdly0lGGyP_gI8syBEFHxdYeOlRlzpFJU_KMhxW80aMW8IuHLBWr4xpfvkpr5RNKAQfykDs-qSACPfZs6_Xt9d9iy44AGkXF-jdDavTasOyC41IYJkz8ZdWQXVQdlWMadgbApePzLggx0ggEXmYmvqcnl3cfbn-J1k37J_jjbAzk1Xw17mHKceQbKL-b-oXs-gqbrPY-OS1dYBT-4YZKH_avSMMvM-9B-ZeafgMDMsTrhCAnamWKssBOOFIJO-7GWn7kijV7jeuE-y5CXUVNc1RjmnSj_oO6Ut7_JrHvMD3SFlNw3GA3pTsrbOmC5XuoKcC8f3N0IeycvU-s0fmLVdf3WaxGBIUnaX6L-AJmqJF9fSqdyr2rBvHTKeRHvXLOuu4A~~,2025-12-07T11:21:47.000Z,
gmail_structured,unknown,unknown,coupon_code,JQUFF,Ajándékötletek + 5% kedvezmény 🧑‍🎄,Inspirálódjon a legjobb karácsonyi ajándékötletekből! ͏ ͏ ͏ ͏ ͏ ͏ ͏ ͏ ͏ ͏ ͏ ͏ ͏ ͏ ͏ ͏ ͏ ͏ ͏ ͏ ͏ ͏ ͏ ͏ ͏ ͏ ͏ ͏ ͏ ͏ ͏ ͏ ͏ ͏ ͏ ͏ ͏ ͏ ͏ ͏ ͏ ͏ ͏ ͏ ͏ ͏ ͏ ͏ ͏ ͏ ͏ ͏ ͏ ͏ ͏ ͏ ͏ ͏ ͏ ͏ ͏ ͏ ͏ ͏ ͏ ͏ ͏ ͏ ͏ ͏ ͏ ͏ ͏ ͏,https://eu2-cdn.eng.bloomreach.com/travelking/e/.eJwTUhBdoJ4j-3_dYa3k7_f4JinLHzfdUVzloL8ua02i_jrWzS-k5jFmlJQUFFvp66eWGukmp-Tppeal6yXl5OfnFqUmJmfoJefn6pcUJZal5mRn5qXrp-o7p1cU-IZn5psZFRYbOacWhxSEBns6had7GZWnxJuZu3jnBhgbp5sFe1bEe_glZVSlZjuWFeUWFkcG65Y6JQXk-4anu5dnuwWFpBQ4JQPN8gsN9XCrLMh0LE2LqDIP1DNKNIhMr0zJNsgrDggv12LKKDXMYDvkGOh7y9FKgIuptFiIKy-1vDgntaQktchKFiiSLCQeoBviGRCs6-YfpOvu6RYSrGtkamBuaGTFDZTOFWJNzU3MzLES4uIoLcmNB2rLFWKDKIgK1ddPyk-p1C9JTMpJ1S-BsIv0S1IgItGGsZiC2ETA7JTMMv0C_VL9xCQfM0sDAyMzU9OUpLQkc2OLxJqi1PTMYqDVqSlWSaVZKfnF-XqJRXn5OSkOUG5mUX5KIii4axItDFISDS1NjdLMU42Tkw2yeNKVp38yTHu7WmqRnm8DEzMAO2GiFg.So2HywdNpeHTrw/click],2025-12-07T09:12:39.000Z,
gmail_structured,unknown,unknown,coupon_code,DOCTYPE, WOW 🤩 Ennyi új termék! 😍,Új termékek a Croppnál &gt;&gt;&gt; ͏͏ ﻿ ͏ ﻿ ͏ ﻿ ͏ ﻿ ͏ ﻿ ͏ ﻿ ͏ ﻿ ͏ ﻿ ͏ ﻿ ͏ ﻿ ͏ ﻿ ͏ ﻿ ͏ ﻿ ͏ ﻿ ͏ ﻿ ͏ ﻿ ͏ ﻿ ͏ ﻿ ͏ ﻿ ͏ ﻿ ͏ ﻿ ͏ ﻿ ͏ ﻿ ͏ ﻿ ͏ ﻿ ͏ ﻿ ͏ ﻿ ͏ ﻿ ͏ ﻿ ͏ ﻿ ͏ ﻿ ͏ ﻿ ͏ ﻿ ͏ ﻿ ͏ ﻿ ͏ ﻿ ͏ ﻿ ͏ ﻿ ͏ ﻿ ͏ ﻿ ͏ ﻿,http://www.w3.org/TR/xhtml1/DTD/xhtml1-transitional.dtd,2025-12-07T09:07:38.000Z,
gmail_structured,unknown,unknown,coupon_code,4795070,Már csak néhány óra: a hétvégi leárazásunk ma véget ér 😍  ,Gyorsnak lenni kifizetődő feny24.hu Human score Trustpilot Stars number of reviews Trustpilot Logo Online Verzió Belső lámpák Kültéri lámpák Leárazás % image Utolsó esély! Az Ön kódja**: MIKULAS feny24,https://news.feny24.hu/u/nrd.php?p=KmANwUtgmX_18_4795070_1_2&ems_l=5608024&i=1&d=MzExMjkxODk5%7CS21BTndVdGdtWA%3D%3D%7COTA0N2VlZTEzNTAzNzA2NzQ3NDdlYTAyOTJjNjkzNmE%3D%7CMjAyNTEyMDdfc2FsZV9yb29tX25sX3Byb2Rpc2Nfd21vdl9odQ%3D%3D%7Cbmwtc2FsZQ%3D%3D%7CTG9nbw%3D%3D%7C&_esuh=_11_7d4c49442ada00a3cfcd64588aab89014df000ab4254e86bdb60309cb0827f88,2025-12-07T09:02:35.000Z,
gmail_structured,mvm-dome,MVM Dome,coupon_code,DOCTYPE,Magyar előadók reflektorfényben – VIP jegyek 30% kedvezménnyel🎉,͏‌ ‌͏‌ ‌͏‌ ‌͏‌ ‌͏‌ ‌͏‌ ‌͏‌ ‌͏‌ ‌͏‌ ‌͏‌ ‌͏‌ ‌͏‌ ‌͏‌ ‌͏‌ ‌͏‌ ‌͏‌ ‌͏‌ ‌͏‌ ‌͏‌ ‌͏‌ ‌͏‌ ‌͏‌ ‌͏‌ ‌͏‌ ‌͏‌ ‌͏‌ ‌͏‌ ‌͏‌ ‌͏‌ ‌͏‌ ‌͏‌ ‌͏‌ ‌͏‌ ‌͏‌ ‌͏‌ ‌͏‌ ‌͏‌ ‌͏‌ ‌͏‌ ‌͏‌ ‌͏‌ ‌͏‌ ‌͏‌ ‌͏‌ ‌͏‌ ‌͏‌ ‌͏‌ ‌͏‌ ‌͏‌ ‌͏‌,https://www.w3.org/1999/xhtml,2025-12-07T08:06:57.000Z,
gmail_structured,4home,4home,coupon_code,ORDOG25,Utolsó esély akár 5 000 Ft kedvezményre! A megkésett Mikulás ajándék csak hétfő éjfélig!,"Ne hagyja ki az extra kedvezményeket – minden esetben spórolhat, akár 5 000 Ft-t is! ‌ ‌ ‌ ‌ ‌ ‌ ‌ ‌ ‌ ‌ ‌ ‌ ‌ ‌ ‌ ‌ ‌ ‌ ‌ ‌ ‌ ‌ ‌ ‌ ‌ ‌ ‌ ‌ ‌ ‌ ‌ ‌ ‌ 4home - az otthon kényelme Nem tölti be az e-mailt",http://www.w3.org/TR/xhtml1/DTD/xhtml1-strict.dtd,2025-12-07T07:32:16.000Z,
gmail_structured,drlumbar,Dr. Lumbar,coupon_code,AMIKOR,🎄 Karácsonyi rohanás - estére lábaink elfáradnak,Amiért fontos az éjszakai regeneráció | 30% kedvezmény dec 14-ig → ͏ ͏ ͏ ͏ ͏ ͏ ͏ ͏ ͏ ͏ ͏ ͏ ͏ ͏ ͏ ͏ ͏ ͏ ͏ ͏ ͏ ͏ ͏ ͏ ͏ ͏ ͏ ͏ ͏ ͏ ͏ ͏ ͏ ͏ ͏ ͏ ͏ ͏ ͏ ͏ ͏ ͏ ͏ ͏ ͏ ͏ ͏ ͏ ͏ ͏ ͏ ͏ ͏ ͏ ͏ ͏ ͏ ͏ ͏ ͏ ͏ ͏ ͏ ͏ ͏ ͏ ͏,https://www.drlumbar.hu/collections/all-1),2025-12-07T07:04:57.000Z,
gmail_structured,unknown,unknown,coupon_code,540725,Üdvözöljük a Skechers-nél,Köszöntésképpen szeretnénk megajándékozni Önt 20% kedvezménnyel! web version Skechers NŐI FÉRFI GYEREK RUHÁZAT AKCIÓ Welcome to Skechers Elite Welcome to Skechers Elite MÉG TÖBB SKECHERS: NŐI FÉRFI,https://view.S10.exacttarget.com/?qs=96eb7f2c726a2fd43b17b4bcf540725be635d74399adab6f51802132d8cccf2912250f3e7bd0d52402a4b5540b09d216db30ce0499bfe325968367e7d7e0234c71a62d19ead74ce047945d9e16015b1b,2025-12-06T13:45:09.000Z,
gmail_structured,unknown,unknown,coupon_code,1VZ19Z,🎄 Karácsonyi kiárusítás: Akár 60% kedvezmény a top márkákra!,Extra kedvezmény a XMAS20 kuponkóddal! ͏ ͏ ͏ ͏ ͏ ͏ ͏ ͏ ͏ ͏ ͏ ͏ ͏ ͏ ͏ ͏ ͏ ͏ ͏ ͏ ͏ ͏ ͏ ͏ ͏ ͏ ͏ ͏ ͏ ͏ ͏ ͏ ͏ ͏ ͏ ͏ ͏ ͏ ͏ ͏ ͏ ͏ ͏ ͏ ͏ ͏ ͏ ͏ ͏ ͏ ͏ ͏ ͏ ͏ ͏ ͏ ͏ ͏ ͏ ͏ ͏ ͏ ͏ ͏ ͏ ͏ ͏ ͏ ͏ ͏ ͏ ͏ ͏ ͏ ͏ ͏ ͏ ͏ ͏ ͏ ͏,https://cdn.exponea.com/eyerim-global/e/.eJwTUngeuIhXcNp_G_1VZ19Zn95uNIXRznhy4CPtrJprerMKs95JiWWUlBQUW-nrl5eX66VWphZl5upllOprMWWUGoov6PvH7nvL0YqXi6m0WIg9taIgPy810YobyM0VYk3NTczMsRIEcpKFuM1cXJ3j_UNDfFxDrDi5mEuT84WARkR56-sn5adU6pckJuWkRhvG6pdAuEX6JSkQQUyRaCNkZRkgXSmZZfqJST7GlqYGSaYGyWaWyYlmhkaWNUWp6ZnFJalFqSlWSaVZKfnF-XqJRXn5OSkOUG5mUX5Kol5yfm5NYoq5uaFhiqmZkYmxoYGBZRZPoufMJNeAObt3cUesa2BiBgAvsWeH.pEr2OhsyRCo2hw/click],2025-12-06T12:22:18.000Z,
gmail_structured,unknown,unknown,coupon_code,245000,Siess – már csak 3 nap van hátra a Cyber Hétfő akciókból! ⏰,"Akár 245000 Ft-ot is spórolhatsz, amíg még lehet. Online megtekintés shopping cart wishlist Geekbuying Új érkezők Minden kategória Kupon Top márkák Ajánlatok geekbuying banner Villámakciók Monster Vmay",https://static.gkbcdn.com/V1.4/en/promotion/20200810edm/image/carIA.png),2025-12-06T10:12:57.000Z,
gmail_structured,unknown,unknown,coupon_code,SA686, 🚀 Használd ki az Answear előnyeit ,Nézd meg mi vár rád &gt;&gt; ͏ ‌ ﻿ ͏ ‌ ﻿ ͏ ‌ ﻿ ͏ ‌ ﻿ ͏ ‌ ﻿ ͏ ‌ ﻿ ͏ ‌ ﻿ ͏ ‌ ﻿ ͏ ‌ ﻿ ͏ ‌ ﻿ ͏ ‌ ﻿ ͏ ‌ ﻿ ͏ ‌ ﻿ ͏ ‌ ﻿ ͏ ‌ ﻿ ͏ ‌ ﻿ ͏ ‌ ﻿ ͏ ‌ ﻿ ͏ ‌ ﻿ ͏ ‌ ﻿ ͏ ‌ ﻿ ͏ ‌ ﻿ ͏ ‌ ﻿ ͏ ‌ ﻿ ͏ ‌ ﻿ ͏ ‌ ﻿ ͏ ‌ ﻿ ͏ ‌ ﻿ ͏ ‌,https://clicks.answear.com/f/a/thSO7bSs2uSA686gLT4McQ~~/AAAHahA~/7MQ-dgxlLOfz5dZ9SCiVxd3BcJ65pjCDt-mgOBonSsX4bvkEx2puqPwraNuaLNBQ4TgxYhuR-IvKFzbXFt4QjzHXJIROZlOFgL7EWZ1tQ4Xv1WFL9EFLum5miTrGEkHrIWl-UTiQQRJVwLu_Oe-EsQ~~,2025-12-06T08:41:42.000Z,
gmail_structured,dockyard,Dockyard,coupon_code,02224914,Barts kiegészítők női akcióval,"Karácsonyra, hideg időre a legjobb ötletek ‌ ‌ ‌ ‌ ‌ ‌ ‌ ‌ ‌ ‌ ‌ ‌ ‌ ‌ ‌ ‌ ‌ ‌ ‌ ‌ ‌ ‌ ‌ ‌ ‌ ‌ ‌ ‌ ‌ ‌ ‌ ‌ ‌ ‌ ‌ ‌ ‌ ‌ ‌ ‌ ‌ ‌ ‌ ‌ ‌ ‌ ‌ ‌ ‌ ‌ ‌ ‌ ‌ ‌ ‌ ‌ ‌ ‌ ‌ ‌ ‌ ‌ ‌ ‌ ‌ ‌ ‌ ‌ ‌ ‌ ‌ ‌ ‌ ‌ ‌ ‌ ‌ ‌ ‌",http://dockyard.activehosted.com/p_v.php?c=5416&m=5101&s=fad02224914b60b5790379a34960abff&d=190466&v=2&l=2,2025-12-06T08:06:01.000Z,
gmail_structured,fizz,FIZZ,coupon_code,12170,Karácsonyi kedvezmények várnak rád – fedezd fel a szuper ajánlatokat,"Prémium termékek, ünnepi árak Nem jelenik meg a levél? Kattints ide! karacsony iphone Apple iPhone 16 Pro Max 256 GB, Fekete Titán MYWV3 Forgalmazó: Wavesup 10.000 Ft kedvezmény a FK10MT170 kóddal 2",https://view.mail.fizz.hu/?qs=d663e8b12170a7c6f7f4c2c47061056dc075b8d7b79271b0045d6a1688b661f2881ac6593117c7c48ce42028e90d31dce03df3e2508732660d25e308985b9ab9d67b52366f1b27c82669f830bdf6ed7e,2025-12-05T17:02:47.000Z,
gmail_structured,unknown,unknown,coupon_code,4794694,A hétvégét akár 65% kedvezménnyel kezdjük 🥰 ,A mi Mikulás-ajándékunk az Ön számára feny24.hu Human score Trustpilot Stars number of reviews Trustpilot Logo Online Verzió Belső lámpák Kültéri lámpák Leárazás % image Az Ön kódja**: MIKULAS feny24.,https://news.feny24.hu/u/nrd.php?p=KmANwUtgmX_8403_4794694_1_2&ems_l=5607983&i=1&d=MzExMjkxMTE5%7CS21BTndVdGdtWA%3D%3D%7COTA0N2VlZTEzNTAzNzA2NzQ3NDdlYTAyOTJjNjkzNmE%3D%7CMjAyNTEyMDVfc2FsZV9jb3p5X25sX3Byb2Rpc2Nfd21vdl9odQ%3D%3D%7Cbmwtc2FsZQ%3D%3D%7CTG9nbw%3D%3D%7C&_esuh=_11_ef7991897f0079946931ecda602e477dba87aa2f79e5e7bdc40744e75a233c9c,2025-12-05T16:01:14.000Z,
gmail_structured,unknown,unknown,coupon_code,BASIC,Philips Avent termékek akár 20% kedvezménnyel,🎁Nagy karácsonyi játékvásár!🎁 ‌ ‌ ‌ ‌ ‌ ‌ ‌ ‌ ‌ ‌ ‌ ‌ ‌ ‌ ‌ ‌ ‌ ‌ ‌ ‌ ‌ ‌ ‌ ‌ ‌ ‌ ‌ ‌ ‌ ‌ ‌ ‌ ‌ ‌ ‌ ‌ ‌ ‌ ‌ ‌ ‌ ‌ ‌ ‌ ‌ ‌ ‌ ‌ ‌ ‌ ‌ ‌ ‌ ‌ ‌ ‌ ‌ ‌ ‌ ‌ ‌ ‌ ‌ ‌ ‌ ‌ ‌ ‌ ‌ ‌ ‌ ‌ ‌ ‌ ‌ ‌ ‌ ‌ ‌ ‌ ‌ ‌ ‌ ‌ ‌ ‌,http://www.w3.org/1999/xhtml,2025-12-05T09:54:54.000Z,
gmail_structured,unknown,unknown,coupon_code,STGERELY,Újabb helyszínen állomásozik a Sportoló Nemzet Közösségi sport és Családi Nap! – 2025.12.05.,͏ ‌ ͏ ‌ ͏ ‌ ͏ ‌ ͏ ‌ ͏ ‌ ͏ ‌ ͏ ‌ ͏ ‌ ͏ ‌ ͏ ‌ ͏ ‌ ͏ ‌ ͏ ‌ ͏ ‌ ͏ ‌ ͏ ‌ ͏ ‌ ͏ ‌ ͏ ‌ ͏ ‌ ͏ ‌ ͏ ‌ ͏ ‌ ͏ ‌ ͏ ‌ ͏ ‌ ͏ ‌ ͏ ‌ ͏ ‌ ͏ ‌ ͏ ‌ ͏ ‌ ͏ ‌ ͏ ‌ ͏ ‌ ͏ ‌ ͏ ‌ ͏ ‌ ͏ ‌ ͏ ‌ ͏ ‌ ͏ ‌ ͏ ‌ ͏ ‌ ͏ ‌ ͏ ‌ ͏ ‌ ͏ ‌ ͏ ‌ ͏,https://sportolonemzet.hu,2025-12-05T08:57:59.000Z,
gmail_structured,unknown,unknown,coupon_code,DOCTYPE,Üdvözlünk a Kärcher hírlevél olvasói között!,"Here to web version Üdvözlünk a Kärcher hírlevél olvasói között! Fogadd szeretettel 15% kedvezményt* adó kuponkódunkat, melyet vásárláskor a kosár oldalon tudsz beváltani! Kedves Vásárlónk, Üdvözlünk a",https://t.info.kaercher.com,2025-12-05T08:49:50.000Z,
gmail_structured,unknown,unknown,coupon_code,DVTND,Üdvözlünk! 🎁 15% kedvezmény csak neked!,"Köszönjük, hogy velünk vagy. ͏ ‌ ﻿ ͏ ‌ ﻿ ͏ ‌ ﻿ ͏ ‌ ﻿ ͏ ‌ ﻿ ͏ ‌ ﻿ ͏ ‌ ﻿ ͏ ‌ ﻿ ͏ ‌ ﻿ ͏ ‌ ﻿ ͏ ‌ ﻿ ͏ ‌ ﻿ ͏ ‌ ﻿ ͏ ‌ ﻿ ͏ ‌ ﻿ ͏ ‌ ﻿ ͏ ‌ ﻿ ͏ ‌ ﻿ ͏ ‌ ﻿ ͏ ‌ ﻿ ͏ ‌ ﻿ ͏ ‌ ﻿ ͏ ‌ ﻿ ͏ ‌ ﻿ ͏ ‌ ﻿ ͏ ‌ ﻿ ͏ ‌ ﻿ ͏ ‌ ﻿ ͏ ‌",https://clicks.answear.com/f/a/iqhLIyV10qTTM1e5oHNQ2w~~/AAAHahA~/jWLeK174jTqogf7fqDVTNDbkl4RREtoSd_H4UA8p-bkrveQQteZRA4yR5_uJunbR0ZNlalN0rMYy5wX5bhzjq9_zFS7A-xEcHtPWIWnr0zCzB4KYRZHk4WnkbN5VgWEfgmd8Nxz4r2wPLXvEqoeMjg~~,2025-12-05T08:41:29.000Z,
arukereso_playwright,aresett-termekek-1037326825,aresett-termekek-1037326825,sale_event,,OMA 7410EA,-17% | 249 999 Ft | 5 ajánlat,https://www.arukereso.hu/futopad-c4073/oma/7410ea-p1037326825/,,
arukereso_playwright,aresett-termekek-1251923170,aresett-termekek-1251923170,sale_event,,NordicTrack GX LE Szobakerékpár,-7% | 279 900 Ft | 4 ajánlat,https://www.arukereso.hu/szobakerekpar-c3044/nordictrack/gx-le-p1251923170/,,
arukereso_playwright,aresett-termekek-1001796229,aresett-termekek-1001796229,sale_event,,Philips EP2331/10 LatteGo Automata kávéfőző,-13% | 129 999 Ft | 7 ajánlat,https://www.arukereso.hu/kavefozo-c3174/philips/ep2331-10-lattego-p1001796229/,,
arukereso_playwright,aresett-termekek-439774194,aresett-termekek-439774194,sale_event,,ZIPRO iConsole Rook Szobakerékpár,-10% | 134 700 Ft | 7 ajánlat,https://www.arukereso.hu/szobakerekpar-c3044/zipro/iconsole-rook-p439774194/,,
arukereso_playwright,aresett-termekek-1127945344,aresett-termekek-1127945344,sale_event,,Krups Sensation Milk EA912910 Automata kávéfőző,-10% | 152 890 Ft | 10 ajánlat,https://www.arukereso.hu/kavefozo-c3174/krups/sensation-milk-ea912910-p1127945344/,,
arukereso_playwright,aresett-termekek-236771059,aresett-termekek-236771059,sale_event,,BH Fitness TFB Dual Szobakerékpár,-13% | 399 415 Ft | 4 ajánlat,https://www.arukereso.hu/szobakerekpar-c3044/bh-fitness/tfb-dual-p236771059/,,
arukereso_playwright,aresett-termekek-1183637551,aresett-termekek-1183637551,sale_event,,Sony PlayStation 5 (PS5) Slim + Astro Bot Játékkonzol,-19% | 184 490 Ft | 4 ajánlat,https://www.arukereso.hu/jatekkonzol-c3154/sony/playstation-5-ps5-slim-astro-bot-p1183637551/,,
arukereso_playwright,aresett-termekek-855813273,aresett-termekek-855813273,sale_event,,Apple AirPods Pro 2 2022 (MQD83ZM/A/MQD83TY/A),-14% | 72 032 Ft | 3 ajánlat,https://www.arukereso.hu/fulhallgato-fejhallgato-c3109/apple/airpods-pro-2-2022-mqd83zm-a-mqd83ty-a-p855813273/,,
arukereso_playwright,aresett-termekek-1127672344,aresett-termekek-1127672344,sale_event,,Edifier Hecate Air 2,-60% | 9 000 Ft | 30 ajánlat,https://www.arukereso.hu/fulhallgato-fejhallgato-c3109/edifier/hecate-air-2-p1127672344/,,
arukereso_playwright,aresett-termekek-1007118670,aresett-termekek-1007118670,sale_event,,JBL Live 770NC,-15% | 33 330 Ft | 68 ajánlat,https://www.arukereso.hu/fulhallgato-fejhallgato-c3109/jbl/live-770nc-p1007118670/,,
arukereso_playwright,aresett-termekek-1007126284,aresett-termekek-1007126284,sale_event,,Bose QuietComfort Ultra,-7% | 119 990 Ft | 37 ajánlat,https://www.arukereso.hu/fulhallgato-fejhallgato-c3109/bose/quietcomfort-ultra-p1007126284/,,
arukereso_playwright,aresett-termekek-613720761,aresett-termekek-613720761,sale_event,,Timeless Tools Nordmann fém talppal 150 cm (HOP1000750),-6% | 7 990 Ft | 5 ajánlat,https://mufenyo.arukereso.hu/timeless-tools/nordmann-fem-talppal-150-cm-hop1000750-p613720761/,,
arukereso_playwright,aresett-termekek-1248573811,aresett-termekek-1248573811,sale_event,,Sony WH-1000XM5 Limited soft case edition (WH1000XM5SA),-6% | 79 990 Ft | 6 ajánlat,https://www.arukereso.hu/fulhallgato-fejhallgato-c3109/sony/wh-1000xm5-limited-soft-case-edition-wh1000xm5sa-p1248573811/,,
arukereso_playwright,aresett-termekek-685738869,aresett-termekek-685738869,sale_event,,Samsung AKG EO-IC100B,-23% | 2 990 Ft | 124 ajánlat,https://www.arukereso.hu/fulhallgato-fejhallgato-c3109/samsung/akg-eo-ic100b-p685738869/,,
arukereso_playwright,aresett-termekek-1070509267,aresett-termekek-1070509267,sale_event,,Nokia 6310 (2024) Dual Mobiltelefon,-7% | 22 420 Ft | 18 ajánlat,https://www.arukereso.hu/mobiltelefon-c3277/nokia/6310-2024-dual-p1070509267/,,
arukereso_playwright,aresett-termekek-944630940,aresett-termekek-944630940,sale_event,,EarFun Air Pro 3,-5% | 17 470 Ft | 21 ajánlat,https://www.arukereso.hu/fulhallgato-fejhallgato-c3109/earfun/air-pro-3-p944630940/,,
arukereso_playwright,aresett-termekek-849487413,aresett-termekek-849487413,sale_event,,SteelSeries Arctis Nova 1P (61611/2),-8% | 15 590 Ft | 53 ajánlat,https://www.arukereso.hu/fulhallgato-fejhallgato-c3109/steelseries/arctis-nova-1p-61611-2-p849487413/,,
arukereso_playwright,aresett-termekek-1247009221,aresett-termekek-1247009221,sale_event,,Dr.coffee M12 Plus Automata kávéfőző,-28% | 829 990 Ft | 2 ajánlat,https://www.arukereso.hu/kavefozo-c3174/dr-coffee/m12-plus-p1247009221/,,
arukereso_playwright,aresett-termekek-801509901,aresett-termekek-801509901,sale_event,,ASUS ROG Cetra True Wireless (90YH03G1/X1-B5UA00),-6% | 23 990 Ft | 63 ajánlat,https://www.arukereso.hu/fulhallgato-fejhallgato-c3109/asus/rog-cetra-true-wireless-90yh03g1-x1-b5ua00-p801509901/,,
arukereso_playwright,aresett-termekek-1200281398,aresett-termekek-1200281398,sale_event,,Tchibo Esperto Mini Automata kávéfőző,-6% | 82 990 Ft | 17 ajánlat,https://www.arukereso.hu/kavefozo-c3174/tchibo/esperto-mini-p1200281398/,,
arukereso_playwright,aresett-termekek-613720683,aresett-termekek-613720683,sale_event,,Timeless Tools Nordmann fém talppal 120 cm (HOP1000749),-9% | 4 990 Ft | 4 ajánlat,https://mufenyo.arukereso.hu/timeless-tools/nordmann-fem-talppal-120-cm-hop1000749-p613720683/,,
arukereso_playwright,aresett-termekek-1001796274,aresett-termekek-1001796274,sale_event,,Philips EP3343/50 Series 3300 LatteGo Automata kávéfőző,-14% | 149 999 Ft | 5 ajánlat,https://www.arukereso.hu/kavefozo-c3174/philips/ep3343-50-series-3300-lattego-p1001796274/,,
arukereso_playwright,aresett-termekek-1236315064,aresett-termekek-1236315064,sale_event,,DOOGEE Fire 3 Ultra Mobiltelefon,-29% | 55 990 Ft | 4 ajánlat,https://www.arukereso.hu/mobiltelefon-c3277/doogee/fire-3-ultra-p1236315064/,,
arukereso_playwright,aresett-termekek-1196287678,aresett-termekek-1196287678,sale_event,,Skullcandy Method 360 ANC,-7% | 36 990 Ft | 36 ajánlat,https://www.arukereso.hu/fulhallgato-fejhallgato-c3109/skullcandy/method-360-anc-p1196287678/,,