segment_code,category,description,targetable,sensitivity,notes;
AGE-A0,AGE,Age unknown/declined,internal,low,Used for demographic weighting;
AGE-A1,AGE,Age 13–15,internal,high,Minor flag;
AGE-A2,AGE,Age 16–17,internal,high,Minor flag;
AGE-A3,AGE,Age 18–24,internal,low,Used for weighting;
AGE-A4,AGE,Age 25–34,internal,low,;
AGE-A5,AGE,Age 35–44,internal,low,;
AGE-A6,AGE,Age 45–54,internal,low,;
AGE-A7,AGE,Age 55–64,internal,low,;
AGE-A8,AGE,Age 65+,internal,low,;
MINOR-0,MINOR,User is 18+,internal,high,Derived from age;
MINOR-1,MINOR,User is under 18,internal,high,Derived from age;
GEO-HU-BU,GEO,Budapest,safe,low,Used for local targeting;
GEO-HU-BK,GEO,Bács-Kiskun County,safe,low,;
GEO-HU-BA,GEO,Baranya County,safe,low,;
GEO-HU-BE,GEO,Békés County,safe,low,;
GEO-HU-BZ,GEO,Borsod-Abaúj-Zemplén County,safe,low,;
GEO-HU-CS,GEO,Csongrád-Csanád County,safe,low,;
GEO-HU-FE,GEO,Fejér County,safe,low,;
GEO-HU-GS,GEO,Győr-Moson-Sopron County,safe,low,;
GEO-HU-HB,GEO,Hajdú-Bihar County,safe,low,;
GEO-HU-HE,GEO,Heves County,safe,low,;
GEO-HU-JN,GEO,Jász-Nagykun-Szolnok County,safe,low,;
GEO-HU-KE,GEO,Komárom-Esztergom County,safe,low,;
GEO-HU-NO,GEO,Nógrád County,safe,low,;
GEO-HU-PE,GEO,Pest County,safe,low,;
GEO-HU-SO,GEO,Somogy County,safe,low,;
GEO-HU-SZ,GEO,Szabolcs-Szatmár-Bereg County,safe,low,;
GEO-HU-TO,GEO,Tolna County,safe,low,;
GEO-HU-VA,GEO,Vas County,safe,low,;
GEO-HU-VE,GEO,Veszprém County,safe,low,;
GEO-HU-ZA,GEO,Zala County,safe,low,;
GEO-UNK,GEO,Unknown County,internal,low,;
URB-U0,URB,Unknown,internal,low,;
URB-U1,URB,Capital city (Budapest),safe,low,;
URB-U2,URB,County town,safe,low,;
URB-U3,URB,Town,safe,low,;
URB-U4,URB,Village/municipality,safe,low,;
EDU-E0,EDU,Education unknown,internal,low,;
EDU-E1,EDU,Primary school or less,internal,med,;
EDU-E2,EDU,Vocational training,internal,med,;
EDU-E3,EDU,Secondary (high school) diploma,internal,med,;
EDU-E4,EDU,University degree,internal,med,;
EDU-E5,EDU,Postgraduate degree,internal,med,;
SES-S0,SES,Socioeconomic status unknown,internal,high,Used only internally;
SES-S1,SES,Difficulty making ends meet,internal,high,Not used for partner targeting;
SES-S2,SES,Generally make ends meet,internal,high,;
SES-S3,SES,Comfortably make ends meet,internal,high,;
KN-L*,KN,Overall sustainability knowledge level (L0–L5),safe,low,Pattern code for overall knowledge level;
KN-CLIM-L*,KN,Knowledge about climate change (L0–L5),safe,low,Pattern: L0–L5;
KN-ENER-L*,KN,Knowledge about energy efficiency (L0–L5),safe,low,Pattern: L0–L5;
KN-TRAN-L*,KN,Knowledge about sustainable transport (L0–L5),safe,low,Pattern: L0–L5;
KN-WAST-L*,KN,Knowledge about waste management (L0–L5),safe,low,Pattern: L0–L5;
KN-WATR-L*,KN,Knowledge about water conservation (L0–L5),safe,low,Pattern: L0–L5;
KN-BIOD-L*,KN,Knowledge about biodiversity (L0–L5),safe,low,Pattern: L0–L5;
KN-CIRC-L*,KN,Knowledge about circular economy (L0–L5),safe,low,Pattern: L0–L5;
ATT-CARE-L*,ATT,Attitude – caring about sustainability (L0–L5),safe,low,;
ATT-EFFI-L*,ATT,Attitude – perceived self-efficacy (L0–L5),safe,low,;
ATT-URGE-L*,ATT,Attitude – perceived urgency (L0–L5),safe,low,;
BEH-L*,BEH,Overall sustainable behavior level (L0–L5),safe,low,Pattern: L0–L5;
BEH-WAST-L*,BEH,Behavior – waste reduction (L0–L5),safe,low,Pattern: L0–L5;
BEH-ENER-L*,BEH,Behavior – energy saving (L0–L5),safe,low,Pattern: L0–L5;
BEH-TRAN-L*,BEH,Behavior – sustainable transport (L0–L5),safe,low,Pattern: L0–L5;
BEH-FOOD-L*,BEH,Behavior – sustainable food consumption (L0–L5),safe,low,Pattern: L0–L5;
BEH-SHOP-L*,BEH,Behavior – responsible shopping (L0–L5),safe,low,Pattern: L0–L5;
MOT-SAVE,MOT,Motivation – saving money,safe,low,Dominant motivation;
MOT-HEAL,MOT,Motivation – health,safe,low,;
MOT-ETHI,MOT,Motivation – ethics/doing the right thing,safe,low,;
MOT-COMM,MOT,Motivation – community/solidarity,safe,low,;
MOT-TECH,MOT,Motivation – interest in technology solutions,safe,low,;
MOT-SKEP,MOT,Motivation – sceptical/reluctant,safe,low,;
STG-SUS-S*,STG,Stage – sustainable living (S0–S4),safe,low,S0 no intention; S4 maintenance
STG-DON-S*,STG,Stage – charitable giving (S0–S4),safe,low,S0 no intention; S4 maintenance
DON-F0,DON,Donation frequency – none,safe,low,Non-donor;
DON-F1,DON,Donation frequency – once in a year,safe,low,;
DON-F2,DON,Donation frequency – a few times,safe,low,;
DON-F3,DON,Donation frequency – regular,safe,low,;
DON-MONEY,DON,Donation form – money,safe,low,Preferred donation form;
DON-TIME,DON,Donation form – volunteering time,safe,low,;
DON-ITEM,DON,Donation form – donating goods,safe,low,;
DON-SKIL,DON,Donation form – donating skills/pro bono,safe,low,;
DON-SHARE,DON,Donation form – sharing/supporting campaigns,safe,low,;
CAUSE-ENV,CAUSE,Cause preference – environment/climate,safe,low,Top priority;
CAUSE-SOC,CAUSE,Cause preference – social causes,safe,low,;
CAUSE-EDU,CAUSE,Cause preference – education,safe,low,;
CAUSE-HEAL,CAUSE,Cause preference – health,safe,low,;
CAUSE-ANIM,CAUSE,Cause preference – animal welfare,safe,low,;
CAUSE-LOCL,CAUSE,Cause preference – local community,safe,low,;
CAUSE-HUMA,CAUSE,Cause preference – humanitarian,safe,low,;
NODON-PRICE,NODON,Reason for not donating – cannot afford,internal,high,;
NODON-TRST,NODON,Reason for not donating – lack of trust,internal,high,;
NODON-KNOW,NODON,Reason for not donating – does not know where to donate,internal,high,;
NODON-TIME,NODON,Reason for not donating – lack of time,internal,high,;
NODON-NORM,NODON,Reason for not donating – not a habit / not prioritized,internal,high,;
NODON-BAD,NODON,Reason for not donating – bad past experience,internal,high,;
NODON-OTHR,NODON,Reason for not donating – other,internal,high,;
FMT-VIDS,FMT,Format preference – short videos,safe,low,;
FMT-VIDL,FMT,Format preference – long videos,safe,low,;
FMT-ARTS,FMT,Format preference – short articles,safe,low,;
FMT-ARTL,FMT,Format preference – long articles,safe,low,;
FMT-MISS,FMT,Format preference – interactive missions,safe,low,;
FMT-NONE,FMT,Format preference – no content (just rewards),internal,low,Skip content;
ADLOAD-A0,ADLOAD,Advertising tolerance unknown,internal,low,;
ADLOAD-A1,ADLOAD,Minimal ad tolerance,safe,low,Low tolerance for ads;
ADLOAD-A2,ADLOAD,Moderate ad tolerance,safe,low,;
ADLOAD-A3,ADLOAD,High ad tolerance (only relevant ads),safe,low,;
SHOP-PRICE,SHOP,Shopping style – price sensitive,safe,low,;
SHOP-VALUE,SHOP,Shopping style – value oriented,safe,low,;
SHOP-PREM,SHOP,Shopping style – premium open,safe,low,;
SHOP-USED,SHOP,Shopping style – prefers second hand,safe,low,;
SHOP-LOCAL,SHOP,Shopping style – supports local businesses,safe,low,;
SHOP-ONLINE,SHOP,Shopping style – prefers online,safe,low,;
AV-T0,AVAIL-TIME,Availability time unknown,internal,low,;
AV-T1,AVAIL-TIME,Less than 1 hour per week,internal,low,;
AV-T2,AVAIL-TIME,1–3 hours per week,internal,low,;
AV-T3,AVAIL-TIME,3–6 hours per week,internal,low,;
AV-T4,AVAIL-TIME,More than 6 hours per week,internal,low,;
AV-M0,AVAIL-MOB,Mobility – online only,internal,low,;
AV-M1,AVAIL-MOB,Mobility – within 0–5 km,internal,low,;
AV-M2,AVAIL-MOB,Mobility – within 5–20 km,internal,low,;
AV-M3,AVAIL-MOB,Mobility – 20+ km,internal,low,;
CONS-PERS-0,CONSENT,No internal personalization consent,internal,high,Opt-out;
CONS-PERS-1,CONSENT,Consents to internal personalization,internal,high,Opt-in;
CONS-ADS-0,CONSENT,No partner advertising personalization consent,internal,high,Opt-out;
CONS-ADS-1,CONSENT,Consents to partner advertising personalization,internal,high,Opt-in;
PRIV-P1,PRIVACY,Privacy level – basic (contextual only),internal,high,Safe default;
PRIV-P2,PRIVACY,Privacy level – internal personalization allowed,internal,high,Opt-in;
PRIV-P3,PRIVACY,Privacy level – partner personalization allowed,internal,high,Opt-in with partner;