name,tax_number,email,address,legal_status,public_benefit_status
Miskolci Állatsegítő Alapítvány,18435249-2-05,allatsegito@allatsegito.hu,"3529 Miskolc, Szigeti M. u. 2.",Közhasznú,igen
Erzsébet Hospice Alapítvány,18414020-1-05,miskeha@gmail.com,"3526 Miskolc, Szentpéteri kapu 72-76.",Közhasznú,igen
"""Tállya Jövőjéért"" Alapítvány",18442434-1-05,sallaianett@outlook.hu,"3907 Tállya, Rákóczi út 34.",Közhasznú,igen
Kurityánért Alapítvány,18433278-1-05,icsone24@gmail.com,"3732 Kurityán, Kossuth L.u.109.",Közhasznú,igen
Sajóörös Községért Közalapítvány,18432806-1-05,sajooroskozsegert@gmail.com,"3586 Sajóörös, Jókai u. 2.",Közhasznú,igen
Szomáliai-Magyar Egyesület (SZME),18210307-1-05,szme@hotmail.hu,"3900 Szerencs, Magyar utca 76.",Közhasznú,igen
Laurus Szociális és Kulturális Egyesület,19331753-1-05,laurusegyesulet@gmail.com,"3534 Miskolc, Iván utca 57 IV 2",Közhasznú,igen
Balogh Sándor Alapítvány,19333683-1-05,titkarsag@bsalapitvany.hu,"3900 Szerencs, Rákóczi utca 43.",Közhasznú,igen
Magyar Alkotók Internetes Társulása,18436817-1-05,maitelnok@gmail.com,"3556 Kisgyőr, Táncsics M. út 8.",Közhasznú,igen
Veszprém Megyei Gasztronómiai Egyesület,18939097-1-19,gasztronomus@gmail.com,"8220 Balatonalmádi, Viola utca 36.",Közhasznú,igen
Magyarországi Falusi Cigányok Mezőgazdasági Közhasznú Szövetsége,18424823-1-05,barnahernadvecse@gmail.com,"3874 Hernádvécse, Petőfi utca 1.",Közhasznú,igen
Önmegvalósítás Egyesület,19330161-1-05,megvalosit@gmail.com,"3531 Miskolc, Győri kapu 24/B. 1 104.",Közhasznú,igen
Taktaharkányi Polgárőr Szervezet,18422278-1-05,akos.szeman@gmail.com,"3922 Taktaharkány, Deák u. 18.",Közhasznú,igen
Miskolci Mentorok Családpedagógiai Közhasznú Egyesület,18019577-1-05,cs.p.mentorok@gmail.com,"3529 Miskolc, Testvérvárosok útja 30. 5 2",Közhasznú,igen
Barakonyi Patakvölgy Egyesület,18032695-1-05,jenedit@gmail.com,"3765 Tornabarakony, Dózsa György út 14.",Közhasznú,igen
Nyilas Misi Alapítvány,18430794-1-05,nagy.karolyne69@gmail.com,"3525 Miskolc, Kossuth u.17.",Közhasznú,igen
Magyarok a Magyarokért Közhasznú Egyesület,18278079-1-05,jozsi20@freemail.hu,"3780 Balajt, Fő út 42.",Közhasznú,igen
Polyán Egyesület,19335939-1-05,polyan.egyesulet@gmail.com,"3989 Mikóháza, Petőfi Sándor utca 32/a.",Közhasznú,igen
Vissza az Életbe Egyesület,19331083-1-05,visszaazeletbe@gmail.com,"3721 Jákfalva, Széchenyi út 10. A",Közhasznú,igen
Baráti Kör Tornabarakonyért Alapítvány,19334079-1-05,mariakom@invitel.hu,"3765 Tornabarakony, Dózsa utca 22.",Közhasznú,igen
Infektológia Fejér Megyéért Alapítvány,18484920-1-07,zsozsvar@mail.fmkorhaz.hu,"8000 Székesfehérvár, Trencséni utca 23.",Közhasznú,igen
Szemünk Fénye Alapítvány,18411364-1-05,feketeistvanovi@alsozsolca.hu,"3571 Alsózsolca, Fekete István u.7.",Közhasznú,igen
Lazúr Kultúrális és Táncsport Egyesület,18420348-1-05,emo71@hotmail.com,"3530 Miskolc, Szemere u. 16.",Közhasznú,igen
Kék Ház Tanácsadó Szociális Alapítvány,18428229-1-05,kekhazalapitvany@gmail.com,"3534 Miskolc, Lankás út 6.",Közhasznú,igen
Bodrogkeresztúri Idősek Otthona Lakóiért Alapítvány,19330185-1-05,idosek.otthona@tvnetwork.hu,"3916 Bodrogkeresztúr, Kastély köz 18.",Közhasznú,igen
"""Egészséges környezetben egészséges gyermekeinkért""Alapítvány",18427297-1-05,leszihovi@gmail.com,"3524 Miskolc, Leszih A. utca 6.",Közhasznú,igen
Sárospataki Rákóczi Diáksport Egyesület,18438352-1-05,rakocziiskola@sarospatak.hu,"3950 Sárospatak, Petőfi u.1.",Közhasznú,igen
Mások-Másképpen Alapítvány,18447233-1-05,jaagota@gmail.com,"3525 Miskolc, Sólyom utca 11",Közhasznú,igen
Egy Esélyt Felelősen Vállalva Alapítvány,18752128-1-05,eefv@eefv.hu,"3780 Edelény, István kir. útja 41.",Közhasznú,igen
Ideál Életreform Népfőiskola Közhasznú Egyesület,19336703-1-05,idealklub@gmail.com,"3700 Kazincbarcika, Patak út 13.",Közhasznú,igen
Észak-Keleti Átjáró Kulturális és Tudományos Közhasznú Egyesület,19331571-1-05,atjarok@gmail.com,"3529 Miskolc, Testvérvárosok útja 8 IX 1",Közhasznú,igen
Magyargencsi Sportegyesület,18935529-1-19,motamas@globonet.hu,"8517 Magyargencs, Petőfi u. 127.",Közhasznú,igen
A sérült test és értelem harmóniájáért Alapítvány,18446902-1-05,frigyka@freemail.hu,"3533 Miskolc, Mester utca 20/B.",Közhasznú,igen
Gárdonyi Géza Oktatási Alapítvány,18413218-1-05,gardalap@freemail.hu,"3508 Miskolc, Szeretet u.5.",Közhasznú,igen
Halmozottan Sérültek Borsod-Abaúj-Zemplén Megyei Szülőszövetsége,18447305-1-05,borsodhalm2012@gmail.com,"3600 Ózd, Bocskai I. utca 4.",Közhasznú,igen
ÓZDI NYITOTT KAPU,18445437-1-05,fionacska@gmail.com,"3600 Ózd, 48-as út 26.sz.",Közhasznú,igen
Szendrői Várbarátok Egyesülete,19330240-1-05,szendroivar@gmail.com,"3752 Szendrő, Ady Endre utca 29",Közhasznú,igen
Bárka Színpad és Műhely Kulturális Egyesület,18429622-1-05,barka.szinpad1997@gmail.com,"3600 Ózd, Újtelep 25.",Közhasznú,igen
SZÁDVÁRÉRT BARÁTI KÖR,19332338-1-05,kapcsolat@szadvar.hu,"3762 Szögliget, Szabadság tér 26.",Közhasznú,igen
Borókás Kulturális Egyesület,18406858-1-05,borokas@gmail.com,"3534 Miskolc, Bodrogi Zs. út 28",Közhasznú,igen
Európai Romák Egyesület,19333542-1-05,europairomak@freemail.hu,"3551 Ónod, Honvéd utca 4",Közhasznú,igen
"Kosztyu Ádám Emlékére a Leukémiás,Daganatos és Zemplén Fogyatékos Gyermekeiért Alapítvány",18418299-1-05,kosztyuadam@gmail.com,"3980 Sátoraljaújhely, Árpád u. 1.",Közhasznú,igen
4. Dimenzió Közhasznú alapítvány,18444467-1-05,mariann.brillant@gmail.com,"3530 Miskolc, Avasalja utca 6.",Közhasznú,igen
Vakok és Gyengénlátók Borsod-Abaúj-Zemplén Megyei Egyesülete,18446373-1-05,info@borsodivakok.hu,"3525 Miskolc, Jókai utca 18.",Közhasznú,igen
Kazincbarcika város és környéke Művészetéért Egyesület,18447965-1-05,bzen@freemail.hu,"3700 Kazincbarcika, Lini István tér 3.",Közhasznú,igen
Arnóti Öregfiúk Sportegyesület,18440951-1-05,arnotiskola@borsodweb.hu,"3713 Arnót, Lévay u. 1.",Közhasznú,igen
Páli Szent Vince Társaság Szeretetszolgálat,18410985-1-05,palisztvince@freemail.hu,"3534 Miskolc, Árpád u. 2.",Közhasznú,igen
Új Remény Alapítvány,18428566-2-05,ujremeny@ujremeny.org,"3950 Sárospatak, Arany János út 30",Közhasznú,igen
Regina Alapítvány Miskolc,18706952-1-05,regina.alapitvany.miskolc@gmail.com,"3534 Miskolc, Költő u. 12.",Közhasznú,igen
Borsodbótáért Közalapítvány,18430055-1-05,k0586@koznet.hu,"3658 Borsodbóta, Széchenyi u.42.",Közhasznú,igen
Magyarország Felfedezői Szövetség,19624772-1-05,magyarorszag.felfedezoi@gmail.com,"3950 Sárospatak, Mátyás k. utca 23.",Közhasznú,igen
"Rudolftelep Általános Iskola és Óvoda ""Napfény"" Oktatási-Nevelési Alapítvány",18419135-1-05,smikoviny@freemail.hu,"3742 Rudolftelep, József A. út 43.",Közhasznú,igen
Dr. Földvári Gyula Alapítvány Borsod-A-Z Megye Szívbetegeiért,18426564-1-05,stefan.ibelgy@bazmkorhaz.hu,"3526 Miskolc, Szentpéteri kapu 72-76.",Közhasznú,igen
Miskolci Jogászképzésért Alapítvány,18418608-1-05,civhilda@uni-miskolc.hu,"3515 Miskolc-Egyetemváros, Áll.és Jogt.Kar Dékáni Hiv.A/4",Közhasznú,igen
Miskolci Kórusfesztivál Alapítvány,19077369-1-05,zensandz@uni-miskolc.hu,"3519 Miskolc, Ungvári u.18.",Közhasznú,igen
Alapítvány a Weöres Sándor Általános Iskola Diákjaiért,18415856-1-05,arnotiskola@borsodweb.hu,"3712 Arnót, Alkotmány u.1.",Közhasznú,igen
Humán Integra Társadalmi Beilleszkedést Segítő Regionális Alapítvány,18440023-1-05,info@humanintegra.hu,"3525 Miskolc, Széchenyi utca 19. 1 7.",Közhasznú,igen
Miskolci Nagycsaládosok Egyesülete,18400230-1-05,noemiskolc@gmail.com,"3525 Miskolc, Pallos utca 16",Közhasznú,igen
Páli Szent Vince Társaság Magyarországi Nemzeti Tanácsa,18410985-1-05,palisztvince@freemail.hu,"3534 Miskolc, Árpád u. 2.",Közhasznú,igen
Miskolci Egyetem Oktatásának Fejlesztéséért Alapítvány,18422096-1-05,alapitva@uni-miskolc.hu,"3515 Miskolc-Egyetemváros, Miskolci Egyetem",Közhasznú,igen
"""Vérünk Egészségéért"" Alapítvány",19077857-2-05,gradvany.2bel@semmelweis-miskolc.hu,"3530 Miskolc, Csabai kapu 9.",Közhasznú,igen
A Miskolci Állatkertészeti Kultúráért Alapítvány,18436556-1-05,zoomiskolc@parisat.hu,"3525 Miskolc, Attila u. 7.",Közhasznú,igen
Ökológiai Intézet a Fenntartható Fejlődésért Alapítvány,18410057-1-05,fnzs@ecolinst.hu,"3525 Miskolc, Kossuth u. 13.",Közhasznú,igen
Miskolci Egyetem Gépészmérnöki Karán folyó mérnökképzésért,18425453-1-05,gkdh3@gold.uni-miskolc.hu,"3515 Miskolc-Egyetemváros, I.emelet a/4. ép.131.szoba",Közhasznú,igen
Mozgáskorlátozottak Ózd Városi Egyesülete,19649294-1-05,move.ozd@freemail.hu,"3600 Ózd, Árpád vezér út 29",Közhasznú,igen
Mozgássérültek Mezőkövesdi Egyesülete,18417803-1-05,buktal@freemail.hu,"3400 Mezőkövesd, Abkarovits Jenő tér 1.",Közhasznú,igen
Miskolci Speciális Felderítő és Mentőcsoport Közalapítvány,18431276-1-05,mancsi112@gmail.com,"3525 Miskolc, Városház tér 8.",Közhasznú,igen
Litkey György Alapítvány,19262132-2-19,litkeyeva@gmail.com,"8220 Balatonalmádi, Veszprémi út 111.",Közhasznú,igen
Forrásvíz Kultrális Alapítvány,18423396-1-05,forrasvizalapitvany@gmail.com,"3533 Miskolc, Fürdő u.15.",Közhasznú,igen
FILADELFIA Alapítvány,18792021-1-15,gy-m@freemail.hu,"4461 Nyírtelek, Tokaji utca 52.",Közhasznú,igen
Esélyegyenlőséget a falusi kisdiáknak Alapítvány,18416840-1-05,info@falusikisdiak.hu,"3731 Szuhakálló, Bajcsy Zs. út 47.",Közhasznú,igen
Symphonia Alapítvány,18288449-2-43,kozkapcsolat@samisuli.hu,"3525 Miskolc, Kazinczy utca 1. 1 1.",Közhasznú,igen
Mezőcsát Kultúrájáért Alapítvány,18435713-1-05,info@csatikultura.hu,"3450 Mezőcsát, Mátyás utca 20.",Közhasznú,igen
Kerékpáros Miskolc Egyesület,18274219-1-05,elnok@kerekparosmiskolc.net,"3526 Miskolc, Kassai utca 24.",Közhasznú,igen
Miskolci Makogó-Együtt a Vadászgörényekért Közhasznú Egyesület,18027969-1-05,egyesulet@miskolcimakogo.hu,"3529 Miskolc, Szilvás út 11. 3/ 2.",Közhasznú,igen
Miskolci Amerikai Futball és Szabadidő Sport Egyesület,18449668-2-05,info@miskolcsteelers.hu,"3535 Miskolc, Szépvölgy utca 4.",Közhasznú,igen
Zöld Kapcsolat Egyesület,18448461-1-05,info@zoldkapcsolat.hu,"3525 Miskolc, Kossuth utca 13. I",Közhasznú,igen
Hegyhengergető Alapítvány,18715424-2-13,alapitvany@hegyhengergeto.hu,"2161 Csomád, Kossuth Lajos út 79.",Közhasznú,igen
Erdélyi Kopóért Közhasznú Alapítvány,18980354-1-05,pelczedertibor@yahoo.com,"3554 Bükkaranyos, Ady Endre utca 4.",Közhasznú,igen
Szikra Alapítvány Az Önkéntesek Munkájának Támogatására,18444917-1-05,civilhaz@szikraalapitvany.hu,"3530 Miskolc, Reményi Ede utca 9.",Közhasznú,igen
Észak-magyarországi Kompetencia Egyesület,18449390-1-05,soosroland@yahoo.com,"3529 Miskolc, Középszer utca 54. 8 1.",Közhasznú,igen
Gönczy Pál Utcai Alapítvány,18558120-1-09,goanczyovi@ngo.hu,"4225 Debrecen-Józsa, Gönczy P. u. 1-3.",Közhasznú,igen
A sátoraljaújhelyi Szlovák Tanítási Nyelvű Általános Iskola Gyermekeiért Alapítvány,18425312-1-05,szlovaki@ngo.hu,"3980 Sátoraljaújhely, Balassi u. 4.",Közhasznú,igen
Szimbiózis a Harmónikus Együtt-létért Alapítvány,18432930-1-05,ugyvezeto@szimbiozis.net,"3527 Miskolc, Augusztus 20 út 12",Közhasznú,igen
Új Hazába Vezető Csodaszarvas Alapítvány,18567001-1-05,csodaszarvas@hungaroweb.com,"3800 Szikszó, Rákóczi út 33.",Közhasznú,igen
Marcel Loubens Barlangkutató Egyesület,19070575-1-05,mlbe@mlbe.hu,"3525 Miskolc, Kossuth Lajos utca 13.",Közhasznú,igen
Kovács Csongor Alapítvány a Gyengénlátó Gyermekekért,18012752-1-42,igazgatosag@gyengenlatok.hu,"1147 Budapest, Miskolci út 77.",Közhasznú,igen
"A ""Mezőcsáti Református Templomért"" Alapítvány",18416541-1-05,alapitvany@fenysugar.com,"3450 Mezőcsát, Hősök tere 8.",Közhasznú,igen
